wmdr1.0_path,wmdr1.0_feature_type,wmdr1.0_element,wmdr1.0_type,wmdr1.0_cardinality,acdd_element,notes
facility/identifier,ObservingFacility,identifier,string,1,id,use WSI
facility/name,ObservingFacility,name,string,1..1,title,
facility/description,ObservingFacility,description,string,0..1,summary,
facility/geoLocation/latitude,AbstractEnvironmentalMonitoringFacility:ObservingFacility:GeospatialLocation,latitude,decimal,1..1,geospatial_lat_min,max also
facility/geoLocation/latitude,AbstractEnvironmentalMonitoringFacility:ObservingFacility:GeospatialLocation,longitude,decimal,1..1,geospatial_lat_max,min also
facility/geoLocation/longitude,AbstractEnvironmentalMonitoringFacility:ObservingFacility:GeospatialLocation,latitude,decimal,1,geospatial_lon_min,max also
facility/geoLocation/longitude,AbstractEnvironmentalMonitoringFacility:ObservingFacility:GeospatialLocation,longitude,decimal,1,geospatial_lon_max,min also
facility/geoLocation/elevation,AbstractEnvironmentalMonitoringFacility:ObservingFacility:GeospatialLocation,elevation,decimal,1,geospatial_vertical_min,max also
facility/geoLocation/elevation,AbstractEnvironmentalMonitoringFacility:ObservingFacility:GeospatialLocation,elevation,decimal,1,geospatial_vertical_max,min also
facility/geoLocation/elevation,AbstractEnvironmentalMonitoringFacility:ObservingFacility:GeospatialLocation,elevation,decimal,1,geospatial_vertical_positive,"sign of elevation: 'up' for positive, 'down' for negative"
facility/geoLocation/crs,AbstractEnvironmentalMonitoringFacility:ObservingFacility:GeospatialLocation,crs,string,1,geospatial_bounds_crs,A 2D CRS. Should default to WGS84
facility/geoLocation/crs,AbstractEnvironmentalMonitoringFacility:ObservingFacility:GeospatialLocation,crs,string,1,geospatial_bounds_vertical_crs, A vertical CRS. Should default to EPSG:5829 (instantaneous height above sea level
facility/wmoRegion,ObservingFacility,wmoRegion,code,0..1,geographic_region,value from codes.wmo.int/wmdr
facility/territory,AbstractEnvironmentalMonitoringFacility:ObservingFacility,territory,code,0..1,comments,to be encoded as JSON and must use notation: value from codes.wmo.int/wmdr
,AbstractEnvironmentalMonitoringFacility:ObservingFacility,primaryContact,CI_ResponsibleParty,0..1,institution,
facility/responsibleParty,AbstractEnvironmentalMonitoringFacility:ObservingFacility,primaryContact,CI_ResponsibleParty,0..1,creator_name,Inherited
facility/responsibleParty/email,AbstractEnvironmentalMonitoringFacility:ObservingFacility,primaryContact,CI_ResponsibleParty,0..1,creator_email,
facility/responsibleParty/telephone,AbstractEnvironmentalMonitoringFacility:ObservingFacility,primaryContact,CI_ResponsibleParty,0..1,creator_phone,
facility/observation,ObservingFacility,observingCapability,ObservingCapability,0..*,keywords,list of notations (from codes.wmo.int) of observed variables 
facility/onlineResource,AbstractEnvironmentalMonitoringFacility:ObservingFacility,onlineResource,CI_OnlineResource,0..*,creator_url,
facility/dateEstablished,ObservingFacility,dateEstablished,Date,0..1,time_coverage_start,
facility/dateClosed,ObservingFacility,dateClosed,Date,0..1,time_coverage_end,
facility/programAffiliation,ObservingFacility,programAffiliation,ProgramAffiliation,1..*,project,
facility/climateZone,ObservingFacility,climateZone,ClimateZone,0..*,comments,to be encoded as JSON and must use notation: value from codes.wmo.int/wmdr
facility/surfaceCover,ObservingFacility,surfaceCover,SurfaceCover,0..*,comments,to be encoded as JSON and must use notation: value from codes.wmo.int/wmdr
facility/surfaceRoughness,ObservingFacility,surfaceRoughness,SurfaceRoughness,0..*,comments,to be encoded as JSON and must use notation: value from codes.wmo.int/wmdr
facility/topographyBathymetry,ObservingFacility,topographyBathymetry,TopographyBathymetry,0..*,comments,to be encoded as JSON and must use notation: value from codes.wmo.int/wmdr
facility/facilityType,ObservingFacility,facilityType,FacilityType,0..1,platform,
facility/facilitySet,ObservingFacility,facilitySet,FacilitySet,0..1,comments,to be encoded as JSON and must use notation: value from codes.wmo.int/wmdr
facility/FacilityLog,ObservingFacility,facilityLog,FacilityLog,0..1,history,"to be encoded in JSON for each WMDR facility attribute name, and must include date, time of day, user name, value to keep a historical record of those WMDR facility attribute maintaining a history (geolocation, climateZone, facilityLog, etc)"
,,,,,history,"to be encoded in JSON for each WMDR facility attribute name, and must include date, time of day, user name, value to keep a historical record of those WMDR facility attribute maintaining a history (geolocation, climateZone, facilityLog, etc)"
,,,,,publisher_name,logged-in user (or machine) providing or editing the record
,,,,,Conventions,defaults to ACDD-1.3
,,,,,geospatial_bounds,inferred from facility geolocation with 0.001 degrees (ca. 100 m) slack
,,,,,licence,defaults to CC-BY 4.0
