acdd_attribute,default,keywords_key,wmdr10_simplified_path,wmdr10_xml_path
title,,,observations/observedProperty,WIGOSMetadataRecord/facility/observation/ObservingCapability/observation/OM_Observation/observedProperty
summary,,summary,,
keywords,,geometry,observations/type,
keywords,,programAffiliation,observations/programAffiliation,
keywords,,result,observations/result,
keywords,,dataGeneration,observations/deployment/dataGeneration,
keywords,,,,
keywords,,,,
keywords,,,,
keywords,,,,
keywords,,,,
keywords,,,,
keywords,,,,
keywords,,,,
keywords,,,,
keywords,,responsibleParty,facility/responsibleParty,
platform,,,observations/facility,
id,,,,
date_created,,,headerInformation/fileDateTime,
geospatial_,,,facility/geospatialLocation,
time_coverage_start,,,facility/dateEstablished,
time_coverage_end,,,facility/dateClosed,
date_modified,,,headerInformation/fileDateTime,
date_issued,,,headerInformation/fileDateTime,
publisher_type,institution,,,
publisher_institution,World Meteorological Organization WMO and Federal Office for Meteorology and Climatology MeteoSwiss,,,
program,WMO Integrated Global Observing System WIGOS,,,
Conventions,ACDD-1.3,,,
source,OSCAR/Surface,,,
comment,wmdr:deployment,,,
keywords_vocabulary,codes.wmo.int/wmdr,,,
platform_vocabulary,oscar.wmo.int/surface,,,
naming_authority,int.wmo.oscar,,,
license,https://creativecommons.org/licenses/by/4.0/,,,
standard_name_vocabulary,codes.wmo.int/wmdr,,,
publisher_name,World Meteorological Organization WMO and Federal Office for Meteorology and Climatology MeteoSwiss,,,
publisher_email,oscar@wmo.int,,,
publisher_url,oscar.wmo.int/surface,,,
time_coverage_duration,[TODO]: compute as difference between time_coverage_end and time_coverage_start,,,
creator_type,[TODO],,,
creator_name,[TODO]: extract from 'owner',,,
creator_email,[TODO]: extract from 'owner',,,
creator_url,[TODO]: extract from 'owner',,,
institution,[TODO]: extract from 'owner',,,
metadata_link,,,,
references,,,,
